<application>
  <component name="CodeInsightSettings">
    <option name="AUTO_POPUP_PARAMETER_INFO" value="false" />
  </component>
  <component name="CodeVisionSettings">
    <option name="codeVisionGroupToPosition">
      <map>
        <entry key="inheritors" value="Default" />
        <entry key="problems" value="Default" />
        <entry key="references" value="Default" />
        <entry key="rename" value="Default" />
        <entry key="vcs.code.vision" value="Default" />
      </map>
    </option>
    <option name="defaultPosition" value="Right" />
  </component>
  <component name="DaemonCodeAnalyzerSettings">
    <option name="AUTOREPARSE_DELAY" value="0" />
  </component>
  <component name="DeclarativeInlayHintsSettings">
    <option name="enabledOptions">
      <map>
        <entry key="js.type.hints#function.returns" value="false" />
        <entry key="js.type.hints#non.paren.single.param" value="false" />
        <entry key="js.type.hints#parameters.in.parens" value="false" />
        <entry key="js.type.hints#variables.and.fields" value="false" />
        <entry key="ts.type.hints#function.returns" value="false" />
        <entry key="ts.type.hints#non.paren.single.param" value="false" />
        <entry key="ts.type.hints#parameters.in.parens" value="false" />
        <entry key="ts.type.hints#variables.and.fields" value="false" />
      </map>
    </option>
    <option name="providerIdToEnabled">
      <map>
        <entry key="java.implicit.types" value="false" />
        <entry key="java.method.chains" value="true" />
        <entry key="js.chain.hints" value="true" />
        <entry key="js.type.hints" value="false" />
        <entry key="open.rewrite.recipe" value="true" />
        <entry key="ts.chain.hints" value="true" />
        <entry key="ts.enum.hints" value="true" />
        <entry key="ts.type.hints" value="false" />
      </map>
    </option>
  </component>
  <component name="InlayHintsSettings">
    <option name="disabledHintProviderIds">
      <set>
        <option value="SQL.sql.column.names.inlay.hints" />
      </set>
    </option>
    <option name="lastViewedProviderKeyId" value="" />
  </component>
  <component name="InlineCompletionOnboarding">
    <option name="onboardingFinished" value="true" />
  </component>
</application>